1,https://www.youtube.com/embed/aH2D59p250s
2,https://www.youtube.com/embed/12EdryAhM3M
3,https://www.youtube.com/embed/fy7DZ5ZEeXg
4,https://www.youtube.com/embed/38Cvr64H-14
5,https://www.youtube.com/embed/iPnj3BIJ6ZE
6,https://www.youtube.com/embed/12EdryAhM3M
7,https://www.youtube.com/embed/rcKoDCs2lk4
8,https://www.youtube.com/embed/iPnj3BIJ6ZE
9,https://www.youtube.com/embed/npkznCVP5I4
10,https://www.youtube.com/embed/dPNDqxIE57c
11,https://www.youtube.com/embed/pNuBNRORA1M
12,https://www.youtube.com/embed/9i60j0MSACo
13,https://www.youtube.com/embed/u6ldlrCGe1U
14,https://www.youtube.com/embed/50T9hUVPn-U
15,https://www.youtube.com/embed/sNF07ZflUaw
16,https://www.youtube.com/embed/yslfUqsGvOw
17,https://www.youtube.com/embed/-0vswU4iIEM
18,https://www.youtube.com/embed/D1Ed7pSJKRU
19,https://www.youtube.com/embed/h4vuveFjCD0
20,https://www.youtube.com/embed/sNF07ZflUaw
21,https://www.youtube.com/embed/sZXfmVGal1Q
22,https://www.youtube.com/embed/XE0nB4Aj7JQ
23,https://www.youtube.com/embed/YHbJ2vbfbqI
24,https://www.youtube.com/embed/A4BQs7yrprE
25,https://www.youtube.com/embed/gwb5YiwIK_U
26,https://www.youtube.com/embed/ki13RckIHl4
27,https://www.youtube.com/embed/kfbj0KCUpOc
28,https://www.youtube.com/embed/CabKIQGBPxY
29,https://www.youtube.com/embed/9i60j0MSACo
30,https://www.youtube.com/embed/OacjL3oAsYc
31,https://www.youtube.com/embed/MUvLG6RCHyw
32,https://www.youtube.com/embed/vqF7vmB78Zs
33,https://www.youtube.com/embed/MSBY7Ev_-u8
34,https://www.youtube.com/embed/ocLYHFwBxSo
35,https://www.youtube.com/embed/XE0nB4Aj7JQ
36,https://www.youtube.com/embed/JdW4IBxyMac
37,https://www.youtube.com/embed/A4BQs7yrprE
38,https://www.youtube.com/embed/gwb5YiwIK_U
39,https://www.youtube.com/embed/ki13RckIHl4
40,https://www.youtube.com/embed/npkznCVP5I4
41,https://www.youtube.com/embed/pNuBNRORA1M
42,https://www.youtube.com/embed/50T9hUVPn-U
43,https://www.youtube.com/embed/sNF07ZflUaw
44,https://www.youtube.com/embed/-0vswU4iIEM
45,https://www.youtube.com/embed/D1Ed7pSJKRU
46,https://www.youtube.com/embed/h4vuveFjCD0
47,https://www.youtube.com/embed/sNF07ZflUaw
48,https://www.youtube.com/embed/sZXfmVGal1Q
49,https://www.youtube.com/embed/XE0nB4Aj7JQ
50,https://www.youtube.com/embed/OacjL3oAsYc
